Iteration,Best Fitness,AVG Fitness,Worst Fitness,Prey Conflicts,Prey Total Color,Worst Conflicts,Worst Total Color
1,17.800000,13.791000,5.400000,1,4,15,2
2,17.900000,14.438000,8.100000,1,3,12,2
3,17.900000,13.721000,8.100000,1,3,12,2
4,18.700000,13.818000,8.100000,0,4,12,2
