Iteration,Min Colors,Avg Colors
0,6,7.690000

Obtained Coloration:
4 0 2 2 4 0 1 0 5 0 1 4 3 0 3 3 3 0 3 0 3 0 3 3 2 2 2 2 2 2 2 2 2 2 2 2 0 0 0 0 0 0 0 0 0 0 0 0 3 4 0 2 1 1 1 1 4 0 1 0 2 0 1 2 1 1 1 1 3 3 1 0 3 3 1 3 1 1 1 1 1 1 1 1 1 1 1 1 1 0 1 1 1 1 0 0 1 1 1 1 1 1 1 1 0 0 2 2 2 2 4 0 4 0 5 4 2 0 2 2 2 2 3 0 3 3 3 3 2 0 2 0 2 2 0 0 2 0 0 2 2 0 2 0 2 2 0 0 2 2 0 2 2 2 2 2 1 1 1 1 1 0 0 0 1 0 1 1 1 1 1 1 1 1 0 0 1 1 1 1 1 0 1 0 1 1 0 0 1 1 0 1 1 0 1 1 1 1 0 0 1 1 1 1 1 1 1 1 2 5 1 3 
Obtained Chromatic number: 6
Known Chromatic number: 6
Chromatic Coloration found
Time Taken = 0.009290
