Iteration,Min Colors,Avg Colors
0,11,11.200000

Obtained Coloration:
0 0 0 0 0 0 0 0 0 0 0 1 0 0 0 0 0 8 0 2 5 0 0 0 0 1 0 0 0 3 0 1 9 2 1 6 0 0 0 1 0 1 0 0 2 0 0 0 1 0 3 0 0 4 1 0 5 0 0 0 3 2 0 0 0 0 0 1 1 3 0 7 0 4 0 0 2 6 1 0 5 0 2 1 2 0 0 0 5 2 10 3 2 0 5 1 0 1 2 1 4 0 1 0 0 1 0 0 1 0 1 0 0 0 1 9 2 1 0 1 0 1 0 0 0 4 1 1 0 5 2 1 0 1 1 7 0 3 
Obtained Chromatic number: 11
Known Chromatic number: 11
Chromatic Coloration found
Time Taken = 0.005606
