Iteration,Min Colors,Avg Colors
0,11,11.720000

Obtained Coloration:
1 4 4 9 1 1 2 0 1 0 2 3 4 5 1 0 2 0 5 4 6 3 0 0 0 0 0 3 3 0 2 8 1 10 1 0 1 0 1 0 0 1 3 0 4 1 0 0 3 8 0 4 0 0 3 0 2 0 1 1 0 0 4 0 0 2 5 2 1 2 2 2 9 0 0 3 2 0 0 1 8 0 7 3 2 0 6 
Obtained Chromatic number: 11
Known Chromatic number: 11
Chromatic Coloration found
Time Taken = 0.003265
