Iteration,Min Colors,Avg Colors
0,11,11.010000

Obtained Coloration:
0 0 0 1 1 0 0 0 2 1 2 0 3 1 0 0 1 3 0 2 3 4 4 0 4 0 2 0 5 0 4 0 0 5 0 0 0 5 6 6 3 1 2 6 0 2 4 1 7 8 1 7 1 0 9 4 5 2 10 6 0 6 2 7 1 0 7 7 3 1 2 3 8 4 
Obtained Chromatic number: 11
Known Chromatic number: 11
Chromatic Coloration found
Time Taken = 0.002690
