Iteration,Min Colors,Avg Colors
0,73,74.220000

Obtained Coloration:
37 66 4 22 7 12 39 61 8 15 15 9 16 11 0 40 5 24 44 32 3 24 36 51 0 6 13 19 19 23 23 27 46 1 30 14 38 69 21 17 1 11 17 32 5 35 18 10 23 9 45 6 56 2 67 28 14 46 21 48 52 33 18 62 36 10 65 59 30 57 9 11 68 43 53 20 14 28 25 52 16 37 58 40 20 50 12 3 27 72 60 41 54 42 21 71 31 35 47 22 55 29 0 1 48 8 4 26 50 70 31 5 7 8 2 45 24 29 1 15 0 63 18 13 64 38 49 34 
Obtained Chromatic number: 73
Known Chromatic number: 73
Chromatic Coloration found
Time Taken = 0.009874
